{
  "name": "PersonalLaserMk2",
  "version": "0.0.1",
  "title": "Personal Laser Defense Mk2",
  "author": "Wagno & LUIS DAS ARTIMANHAS",
  "contact": "Wagno1202@gmail.com, luisaugustodesouza785@gmail.com, https://discord.gg/ADqmPa7Bdj",
  "description": "Adiciona um Personal Laser Defense Mk2 com 3x dano, 1.5x consumo de energia, 1.5x alcance, usando 10 urânio enriquecido.",
  "factorio_version": "2.0",
  "dependencies": [
    "base >= 2.0.0", 
    "space-age"
],
    "license": "GNU General Public License v3.0",
    "thumbnail": "thumbnail.png",
    "quality_required": true,
    "space_travel_required": true,
    "spoiling_required": true,
    "freezing_required": true,
    "segmented_units_required": true,
    "expansion_shaders_required": true
}
